suite,task,subtask,metric,100M GPT2 Hybrid,100M GPT2 BPE,100M GPT2 Atomic Within,100M GPT2 Atomic Cross,100M GPT2 Hanzi BPE,100M GPT2 Full-pinyin BPE
BabyLM official Chinese,arc,zh,score,0.2729166746139526,0.2458333373069763,0.21875,0.2437500059604644,0.2416666597127914,0.2270833402872085
BabyLM official Chinese,belebele,zh,score,0.2102272659540176,0.2045454531908035,0.2386363595724105,0.25,0.2329545468091964,0.1931818127632141
BabyLM official Chinese,bmlama,zh,score,0.1663907319307327,0.1589404046535492,0.1175496652722358,0.159768208861351,0.252483457326889,0.1713576167821884
BabyLM official Chinese,global_piqa_nonparallel_zh,global_piqa_nonparallel_zh,score,0.49,0.51,0.46,0.46,0.53,0.54
BabyLM official Chinese,global_piqa_parallel_zh,global_piqa_parallel_zh,score,0.2718446601941747,0.2524271844660194,0.2621359223300971,0.2815533980582524,0.2135922330097087,0.2135922330097087
BabyLM official Chinese,hellaswag_zh_mubench,hellaswag_zh_mubench,score,0.2734962406015037,0.2706214064573197,0.2705108359133127,0.2730539584254755,0.2717271118973905,0.2664197257850508
BabyLM official Chinese,include,zh,score,0.1607142835855484,0.2857142984867096,0.2321428507566452,0.2053571492433548,0.2410714328289032,0.1875
BabyLM official Chinese,mnli,zh,score,0.5861486196517944,0.5461711883544922,0.579954981803894,0.5484234094619751,0.6255630850791931,0.6041666865348816
BabyLM official Chinese,pos,zh,score,0.8524521589279175,0.8217290639877319,0.8546481132507324,0.8444002866744995,0.9255463480949402,0.8823652863502502
BabyLM official Chinese,sib200,zh,score,0.8299999833106995,0.6150000095367432,0.8349999785423279,0.8149999976158142,0.8100000023841858,0.7350000143051147
BabyLM official Chinese,truthfulqa,zh,score,0.2946428656578064,0.3303571343421936,0.3392857015132904,0.1785714328289032,0.2053571492433548,0.3035714328289032
BabyLM official Chinese,winogrande_zh_mubench,winogrande_zh_mubench,score,0.5037098103874691,0.5136026380873866,0.5028854080791426,0.482275350370981,0.505358615004122,0.5045342126957956
BabyLM official Chinese,xcomps_zh,xcomps_zh,score,0.5374095211581291,0.5106834632516704,0.533929565701559,0.5327463808463252,0.5696339086859689,0.5241160913140311
BabyLM official Chinese,xnli,zh,score,0.4979999959468841,0.4629999995231628,0.4964999854564667,0.4945000112056732,0.5389999747276306,0.5139999985694885
BabyLM official Chinese,xstorycloze_zh_mubench,xstorycloze_zh_mubench,score,0.5201238390092879,0.4489164086687306,0.510061919504644,0.4984520123839009,0.5162538699690402,0.5263157894736842
BabyLM official Chinese,zhoblimp,zhoblimp,score,0.7513418079096045,0.6024435028248588,0.7521610169491525,0.731680790960452,0.7888700564971751,0.7199435028248587
Chinese fine-tune,afqmc,zh,accuracy,0.6846617238183503,0.693466172381835,0.6913809082483782,0.688368860055607,0.6902224281742354,0.688368860055607
Chinese fine-tune,cluewsc2020,zh,accuracy,0.6217105263157895,0.6381578947368421,0.6381578947368421,0.6414473684210527,0.6381578947368421,0.6546052631578947
Chinese fine-tune,ocnli,zh,accuracy,0.6366101694915254,0.6101694915254238,0.6294915254237288,0.6047457627118644,0.6688135593220339,0.6423728813559322
Chinese fine-tune,tnews,zh,accuracy,0.5323,0.4987,0.5272,0.5161,0.546,0.5313
Chinese zero-shot,hanzi_pinyin,aggregate,accuracy,0.9865,0.7395,0.9865,0.9745,0.5325,0.9515
Chinese zero-shot,hanzi_structure,aggregate,accuracy,0.5635,0.539,0.5555,0.5505,0.563,0.5589999999999999
Chinese zero-shot,zhoblimp,aggregate,accuracy,0.7383,0.6219,0.7406999999999999,0.7337,0.7876000000000001,0.6984999999999999
CogBench,fmri,aggregate,mean,0.0890923732430391,0.0811624144041057,0.0896860104688778,0.0910973683924642,0.0936509869640714,0.0815007141382525
CogBench,word_fmri,aggregate,mean,0.5581206235713824,0.5461037574078563,0.5577713360373894,0.5570328762645287,0.5518444803298596,0.5466629669301922
