model_id,model,architecture,tokenizer,task,region,subject,result_file,score,source_file
hf_nk_babylm_zho_gpt2_hybrid,GPT2 hybrid,GPT2,Hybrid,word_fmri,,S04,S04_score.mat,0.52687546277459,results/eval/chinese_pipeline/hf_nk_babylm_zho_gpt2_hybrid/main/cogbench/word_fmri/cogbench_word_fmri_hf_nk_babylm_zho_gpt2_hybrid_report.json
hf_nk_babylm_zho_gpt2_hybrid,GPT2 hybrid,GPT2,Hybrid,word_fmri,,S05,S05_score.mat,0.583252879448482,results/eval/chinese_pipeline/hf_nk_babylm_zho_gpt2_hybrid/main/cogbench/word_fmri/cogbench_word_fmri_hf_nk_babylm_zho_gpt2_hybrid_report.json
hf_nk_babylm_zho_gpt2_hybrid,GPT2 hybrid,GPT2,Hybrid,word_fmri,,S07,S07_score.mat,0.5258995599671024,results/eval/chinese_pipeline/hf_nk_babylm_zho_gpt2_hybrid/main/cogbench/word_fmri/cogbench_word_fmri_hf_nk_babylm_zho_gpt2_hybrid_report.json
hf_nk_babylm_zho_gpt2_hybrid,GPT2 hybrid,GPT2,Hybrid,word_fmri,,S08,S08_score.mat,0.5365727676205213,results/eval/chinese_pipeline/hf_nk_babylm_zho_gpt2_hybrid/main/cogbench/word_fmri/cogbench_word_fmri_hf_nk_babylm_zho_gpt2_hybrid_report.json
hf_nk_babylm_zho_gpt2_hybrid,GPT2 hybrid,GPT2,Hybrid,word_fmri,,S13,S13_score.mat,0.5668431531050226,results/eval/chinese_pipeline/hf_nk_babylm_zho_gpt2_hybrid/main/cogbench/word_fmri/cogbench_word_fmri_hf_nk_babylm_zho_gpt2_hybrid_report.json
hf_nk_babylm_zho_gpt2_hybrid,GPT2 hybrid,GPT2,Hybrid,word_fmri,,S31,S31_score.mat,0.604176573708348,results/eval/chinese_pipeline/hf_nk_babylm_zho_gpt2_hybrid/main/cogbench/word_fmri/cogbench_word_fmri_hf_nk_babylm_zho_gpt2_hybrid_report.json
hf_nk_babylm_zho_gpt2_hybrid,GPT2 hybrid,GPT2,Hybrid,fmri,Cognition,01,01_average.mat,0.10064038378220103,results/eval/chinese_pipeline/hf_nk_babylm_zho_gpt2_hybrid/main/cogbench/fmri/cogbench_fmri_hf_nk_babylm_zho_gpt2_hybrid_report.json
hf_nk_babylm_zho_gpt2_hybrid,GPT2 hybrid,GPT2,Hybrid,fmri,Cognition,02,02_average.mat,0.10946432998331082,results/eval/chinese_pipeline/hf_nk_babylm_zho_gpt2_hybrid/main/cogbench/fmri/cogbench_fmri_hf_nk_babylm_zho_gpt2_hybrid_report.json
hf_nk_babylm_zho_gpt2_hybrid,GPT2 hybrid,GPT2,Hybrid,fmri,Cognition,03,03_average.mat,0.12595185251859833,results/eval/chinese_pipeline/hf_nk_babylm_zho_gpt2_hybrid/main/cogbench/fmri/cogbench_fmri_hf_nk_babylm_zho_gpt2_hybrid_report.json
hf_nk_babylm_zho_gpt2_hybrid,GPT2 hybrid,GPT2,Hybrid,fmri,Cognition,04,04_average.mat,0.061175035301897225,results/eval/chinese_pipeline/hf_nk_babylm_zho_gpt2_hybrid/main/cogbench/fmri/cogbench_fmri_hf_nk_babylm_zho_gpt2_hybrid_report.json
hf_nk_babylm_zho_gpt2_hybrid,GPT2 hybrid,GPT2,Hybrid,fmri,Cognition,05,05_average.mat,0.09261844535253448,results/eval/chinese_pipeline/hf_nk_babylm_zho_gpt2_hybrid/main/cogbench/fmri/cogbench_fmri_hf_nk_babylm_zho_gpt2_hybrid_report.json
hf_nk_babylm_zho_gpt2_hybrid,GPT2 hybrid,GPT2,Hybrid,fmri,Cognition,06,06_average.mat,0.11795291164974116,results/eval/chinese_pipeline/hf_nk_babylm_zho_gpt2_hybrid/main/cogbench/fmri/cogbench_fmri_hf_nk_babylm_zho_gpt2_hybrid_report.json
hf_nk_babylm_zho_gpt2_hybrid,GPT2 hybrid,GPT2,Hybrid,fmri,Language,01,01_average.mat,0.18049793180343873,results/eval/chinese_pipeline/hf_nk_babylm_zho_gpt2_hybrid/main/cogbench/fmri/cogbench_fmri_hf_nk_babylm_zho_gpt2_hybrid_report.json
hf_nk_babylm_zho_gpt2_hybrid,GPT2 hybrid,GPT2,Hybrid,fmri,Language,02,02_average.mat,0.13451411112610054,results/eval/chinese_pipeline/hf_nk_babylm_zho_gpt2_hybrid/main/cogbench/fmri/cogbench_fmri_hf_nk_babylm_zho_gpt2_hybrid_report.json
hf_nk_babylm_zho_gpt2_hybrid,GPT2 hybrid,GPT2,Hybrid,fmri,Language,03,03_average.mat,0.21994765666755337,results/eval/chinese_pipeline/hf_nk_babylm_zho_gpt2_hybrid/main/cogbench/fmri/cogbench_fmri_hf_nk_babylm_zho_gpt2_hybrid_report.json
hf_nk_babylm_zho_gpt2_hybrid,GPT2 hybrid,GPT2,Hybrid,fmri,Language,04,04_average.mat,0.13956499690366755,results/eval/chinese_pipeline/hf_nk_babylm_zho_gpt2_hybrid/main/cogbench/fmri/cogbench_fmri_hf_nk_babylm_zho_gpt2_hybrid_report.json
hf_nk_babylm_zho_gpt2_hybrid,GPT2 hybrid,GPT2,Hybrid,fmri,Language,05,05_average.mat,0.162045561208009,results/eval/chinese_pipeline/hf_nk_babylm_zho_gpt2_hybrid/main/cogbench/fmri/cogbench_fmri_hf_nk_babylm_zho_gpt2_hybrid_report.json
hf_nk_babylm_zho_gpt2_hybrid,GPT2 hybrid,GPT2,Hybrid,fmri,Language,06,06_average.mat,0.23075336491547122,results/eval/chinese_pipeline/hf_nk_babylm_zho_gpt2_hybrid/main/cogbench/fmri/cogbench_fmri_hf_nk_babylm_zho_gpt2_hybrid_report.json
hf_nk_babylm_zho_gpt2_hybrid,GPT2 hybrid,GPT2,Hybrid,fmri,Manipulation,01,01_average.mat,0.11324166537367814,results/eval/chinese_pipeline/hf_nk_babylm_zho_gpt2_hybrid/main/cogbench/fmri/cogbench_fmri_hf_nk_babylm_zho_gpt2_hybrid_report.json
hf_nk_babylm_zho_gpt2_hybrid,GPT2 hybrid,GPT2,Hybrid,fmri,Manipulation,02,02_average.mat,0.08980641388750277,results/eval/chinese_pipeline/hf_nk_babylm_zho_gpt2_hybrid/main/cogbench/fmri/cogbench_fmri_hf_nk_babylm_zho_gpt2_hybrid_report.json
hf_nk_babylm_zho_gpt2_hybrid,GPT2 hybrid,GPT2,Hybrid,fmri,Manipulation,03,03_average.mat,0.12798793663287603,results/eval/chinese_pipeline/hf_nk_babylm_zho_gpt2_hybrid/main/cogbench/fmri/cogbench_fmri_hf_nk_babylm_zho_gpt2_hybrid_report.json
hf_nk_babylm_zho_gpt2_hybrid,GPT2 hybrid,GPT2,Hybrid,fmri,Manipulation,04,04_average.mat,0.0782239198054842,results/eval/chinese_pipeline/hf_nk_babylm_zho_gpt2_hybrid/main/cogbench/fmri/cogbench_fmri_hf_nk_babylm_zho_gpt2_hybrid_report.json
hf_nk_babylm_zho_gpt2_hybrid,GPT2 hybrid,GPT2,Hybrid,fmri,Manipulation,05,05_average.mat,0.0817332869989354,results/eval/chinese_pipeline/hf_nk_babylm_zho_gpt2_hybrid/main/cogbench/fmri/cogbench_fmri_hf_nk_babylm_zho_gpt2_hybrid_report.json
hf_nk_babylm_zho_gpt2_hybrid,GPT2 hybrid,GPT2,Hybrid,fmri,Manipulation,06,06_average.mat,0.11969209726998192,results/eval/chinese_pipeline/hf_nk_babylm_zho_gpt2_hybrid/main/cogbench/fmri/cogbench_fmri_hf_nk_babylm_zho_gpt2_hybrid_report.json
hf_nk_babylm_zho_gpt2_hybrid,GPT2 hybrid,GPT2,Hybrid,fmri,Memory,01,01_average.mat,0.06683135579537702,results/eval/chinese_pipeline/hf_nk_babylm_zho_gpt2_hybrid/main/cogbench/fmri/cogbench_fmri_hf_nk_babylm_zho_gpt2_hybrid_report.json
hf_nk_babylm_zho_gpt2_hybrid,GPT2 hybrid,GPT2,Hybrid,fmri,Memory,02,02_average.mat,0.0536502612987941,results/eval/chinese_pipeline/hf_nk_babylm_zho_gpt2_hybrid/main/cogbench/fmri/cogbench_fmri_hf_nk_babylm_zho_gpt2_hybrid_report.json
hf_nk_babylm_zho_gpt2_hybrid,GPT2 hybrid,GPT2,Hybrid,fmri,Memory,03,03_average.mat,0.06996681472530228,results/eval/chinese_pipeline/hf_nk_babylm_zho_gpt2_hybrid/main/cogbench/fmri/cogbench_fmri_hf_nk_babylm_zho_gpt2_hybrid_report.json
hf_nk_babylm_zho_gpt2_hybrid,GPT2 hybrid,GPT2,Hybrid,fmri,Memory,04,04_average.mat,0.01850487089285488,results/eval/chinese_pipeline/hf_nk_babylm_zho_gpt2_hybrid/main/cogbench/fmri/cogbench_fmri_hf_nk_babylm_zho_gpt2_hybrid_report.json
hf_nk_babylm_zho_gpt2_hybrid,GPT2 hybrid,GPT2,Hybrid,fmri,Memory,05,05_average.mat,0.035993128695903064,results/eval/chinese_pipeline/hf_nk_babylm_zho_gpt2_hybrid/main/cogbench/fmri/cogbench_fmri_hf_nk_babylm_zho_gpt2_hybrid_report.json
hf_nk_babylm_zho_gpt2_hybrid,GPT2 hybrid,GPT2,Hybrid,fmri,Memory,06,06_average.mat,0.052336942054849345,results/eval/chinese_pipeline/hf_nk_babylm_zho_gpt2_hybrid/main/cogbench/fmri/cogbench_fmri_hf_nk_babylm_zho_gpt2_hybrid_report.json
hf_nk_babylm_zho_gpt2_hybrid,GPT2 hybrid,GPT2,Hybrid,fmri,Reward,01,01_average.mat,0.02015886572361786,results/eval/chinese_pipeline/hf_nk_babylm_zho_gpt2_hybrid/main/cogbench/fmri/cogbench_fmri_hf_nk_babylm_zho_gpt2_hybrid_report.json
hf_nk_babylm_zho_gpt2_hybrid,GPT2 hybrid,GPT2,Hybrid,fmri,Reward,02,02_average.mat,0.020417382438841742,results/eval/chinese_pipeline/hf_nk_babylm_zho_gpt2_hybrid/main/cogbench/fmri/cogbench_fmri_hf_nk_babylm_zho_gpt2_hybrid_report.json
hf_nk_babylm_zho_gpt2_hybrid,GPT2 hybrid,GPT2,Hybrid,fmri,Reward,03,03_average.mat,0.04063944385272687,results/eval/chinese_pipeline/hf_nk_babylm_zho_gpt2_hybrid/main/cogbench/fmri/cogbench_fmri_hf_nk_babylm_zho_gpt2_hybrid_report.json
hf_nk_babylm_zho_gpt2_hybrid,GPT2 hybrid,GPT2,Hybrid,fmri,Reward,04,04_average.mat,0.013882721208005662,results/eval/chinese_pipeline/hf_nk_babylm_zho_gpt2_hybrid/main/cogbench/fmri/cogbench_fmri_hf_nk_babylm_zho_gpt2_hybrid_report.json
hf_nk_babylm_zho_gpt2_hybrid,GPT2 hybrid,GPT2,Hybrid,fmri,Reward,05,05_average.mat,0.028873810042248805,results/eval/chinese_pipeline/hf_nk_babylm_zho_gpt2_hybrid/main/cogbench/fmri/cogbench_fmri_hf_nk_babylm_zho_gpt2_hybrid_report.json
hf_nk_babylm_zho_gpt2_hybrid,GPT2 hybrid,GPT2,Hybrid,fmri,Reward,06,06_average.mat,0.018419069939081732,results/eval/chinese_pipeline/hf_nk_babylm_zho_gpt2_hybrid/main/cogbench/fmri/cogbench_fmri_hf_nk_babylm_zho_gpt2_hybrid_report.json
hf_nk_babylm_zho_gpt2_hybrid,GPT2 hybrid,GPT2,Hybrid,fmri,Vision,01,01_average.mat,0.10293964424200587,results/eval/chinese_pipeline/hf_nk_babylm_zho_gpt2_hybrid/main/cogbench/fmri/cogbench_fmri_hf_nk_babylm_zho_gpt2_hybrid_report.json
hf_nk_babylm_zho_gpt2_hybrid,GPT2 hybrid,GPT2,Hybrid,fmri,Vision,02,02_average.mat,0.0780410109736891,results/eval/chinese_pipeline/hf_nk_babylm_zho_gpt2_hybrid/main/cogbench/fmri/cogbench_fmri_hf_nk_babylm_zho_gpt2_hybrid_report.json
hf_nk_babylm_zho_gpt2_hybrid,GPT2 hybrid,GPT2,Hybrid,fmri,Vision,03,03_average.mat,0.11774211292282627,results/eval/chinese_pipeline/hf_nk_babylm_zho_gpt2_hybrid/main/cogbench/fmri/cogbench_fmri_hf_nk_babylm_zho_gpt2_hybrid_report.json
hf_nk_babylm_zho_gpt2_hybrid,GPT2 hybrid,GPT2,Hybrid,fmri,Vision,04,04_average.mat,0.048343565627630584,results/eval/chinese_pipeline/hf_nk_babylm_zho_gpt2_hybrid/main/cogbench/fmri/cogbench_fmri_hf_nk_babylm_zho_gpt2_hybrid_report.json
hf_nk_babylm_zho_gpt2_hybrid,GPT2 hybrid,GPT2,Hybrid,fmri,Vision,05,05_average.mat,0.05977830139214146,results/eval/chinese_pipeline/hf_nk_babylm_zho_gpt2_hybrid/main/cogbench/fmri/cogbench_fmri_hf_nk_babylm_zho_gpt2_hybrid_report.json
hf_nk_babylm_zho_gpt2_hybrid,GPT2 hybrid,GPT2,Hybrid,fmri,Vision,06,06_average.mat,0.10705292081385398,results/eval/chinese_pipeline/hf_nk_babylm_zho_gpt2_hybrid/main/cogbench/fmri/cogbench_fmri_hf_nk_babylm_zho_gpt2_hybrid_report.json
hf_nk_babylm_zho_qwen2_hybrid,Qwen2 hybrid,Qwen2,Hybrid,word_fmri,,S04,S04_score.mat,0.5211886682390506,results/eval/chinese_pipeline/hf_nk_babylm_zho_qwen2_hybrid/main/cogbench/word_fmri/cogbench_word_fmri_hf_nk_babylm_zho_qwen2_hybrid_report.json
hf_nk_babylm_zho_qwen2_hybrid,Qwen2 hybrid,Qwen2,Hybrid,word_fmri,,S05,S05_score.mat,0.5757393053393278,results/eval/chinese_pipeline/hf_nk_babylm_zho_qwen2_hybrid/main/cogbench/word_fmri/cogbench_word_fmri_hf_nk_babylm_zho_qwen2_hybrid_report.json
hf_nk_babylm_zho_qwen2_hybrid,Qwen2 hybrid,Qwen2,Hybrid,word_fmri,,S07,S07_score.mat,0.52139997888174,results/eval/chinese_pipeline/hf_nk_babylm_zho_qwen2_hybrid/main/cogbench/word_fmri/cogbench_word_fmri_hf_nk_babylm_zho_qwen2_hybrid_report.json
hf_nk_babylm_zho_qwen2_hybrid,Qwen2 hybrid,Qwen2,Hybrid,word_fmri,,S08,S08_score.mat,0.5350374240260434,results/eval/chinese_pipeline/hf_nk_babylm_zho_qwen2_hybrid/main/cogbench/word_fmri/cogbench_word_fmri_hf_nk_babylm_zho_qwen2_hybrid_report.json
hf_nk_babylm_zho_qwen2_hybrid,Qwen2 hybrid,Qwen2,Hybrid,word_fmri,,S13,S13_score.mat,0.5641539105860246,results/eval/chinese_pipeline/hf_nk_babylm_zho_qwen2_hybrid/main/cogbench/word_fmri/cogbench_word_fmri_hf_nk_babylm_zho_qwen2_hybrid_report.json
hf_nk_babylm_zho_qwen2_hybrid,Qwen2 hybrid,Qwen2,Hybrid,word_fmri,,S31,S31_score.mat,0.6037490220472889,results/eval/chinese_pipeline/hf_nk_babylm_zho_qwen2_hybrid/main/cogbench/word_fmri/cogbench_word_fmri_hf_nk_babylm_zho_qwen2_hybrid_report.json
hf_nk_babylm_zho_qwen2_hybrid,Qwen2 hybrid,Qwen2,Hybrid,fmri,Cognition,01,01_average.mat,0.08911769443011895,results/eval/chinese_pipeline/hf_nk_babylm_zho_qwen2_hybrid/main/cogbench/fmri/cogbench_fmri_hf_nk_babylm_zho_qwen2_hybrid_report.json
hf_nk_babylm_zho_qwen2_hybrid,Qwen2 hybrid,Qwen2,Hybrid,fmri,Cognition,02,02_average.mat,0.09362059395560025,results/eval/chinese_pipeline/hf_nk_babylm_zho_qwen2_hybrid/main/cogbench/fmri/cogbench_fmri_hf_nk_babylm_zho_qwen2_hybrid_report.json
hf_nk_babylm_zho_qwen2_hybrid,Qwen2 hybrid,Qwen2,Hybrid,fmri,Cognition,03,03_average.mat,0.12456001829871138,results/eval/chinese_pipeline/hf_nk_babylm_zho_qwen2_hybrid/main/cogbench/fmri/cogbench_fmri_hf_nk_babylm_zho_qwen2_hybrid_report.json
hf_nk_babylm_zho_qwen2_hybrid,Qwen2 hybrid,Qwen2,Hybrid,fmri,Cognition,04,04_average.mat,0.05912902192731453,results/eval/chinese_pipeline/hf_nk_babylm_zho_qwen2_hybrid/main/cogbench/fmri/cogbench_fmri_hf_nk_babylm_zho_qwen2_hybrid_report.json
hf_nk_babylm_zho_qwen2_hybrid,Qwen2 hybrid,Qwen2,Hybrid,fmri,Cognition,05,05_average.mat,0.09711209482423187,results/eval/chinese_pipeline/hf_nk_babylm_zho_qwen2_hybrid/main/cogbench/fmri/cogbench_fmri_hf_nk_babylm_zho_qwen2_hybrid_report.json
hf_nk_babylm_zho_qwen2_hybrid,Qwen2 hybrid,Qwen2,Hybrid,fmri,Cognition,06,06_average.mat,0.10627520777167006,results/eval/chinese_pipeline/hf_nk_babylm_zho_qwen2_hybrid/main/cogbench/fmri/cogbench_fmri_hf_nk_babylm_zho_qwen2_hybrid_report.json
hf_nk_babylm_zho_qwen2_hybrid,Qwen2 hybrid,Qwen2,Hybrid,fmri,Language,01,01_average.mat,0.1794945685673076,results/eval/chinese_pipeline/hf_nk_babylm_zho_qwen2_hybrid/main/cogbench/fmri/cogbench_fmri_hf_nk_babylm_zho_qwen2_hybrid_report.json
hf_nk_babylm_zho_qwen2_hybrid,Qwen2 hybrid,Qwen2,Hybrid,fmri,Language,02,02_average.mat,0.12717784123954765,results/eval/chinese_pipeline/hf_nk_babylm_zho_qwen2_hybrid/main/cogbench/fmri/cogbench_fmri_hf_nk_babylm_zho_qwen2_hybrid_report.json
hf_nk_babylm_zho_qwen2_hybrid,Qwen2 hybrid,Qwen2,Hybrid,fmri,Language,03,03_average.mat,0.22578355861678176,results/eval/chinese_pipeline/hf_nk_babylm_zho_qwen2_hybrid/main/cogbench/fmri/cogbench_fmri_hf_nk_babylm_zho_qwen2_hybrid_report.json
hf_nk_babylm_zho_qwen2_hybrid,Qwen2 hybrid,Qwen2,Hybrid,fmri,Language,04,04_average.mat,0.12115408914098338,results/eval/chinese_pipeline/hf_nk_babylm_zho_qwen2_hybrid/main/cogbench/fmri/cogbench_fmri_hf_nk_babylm_zho_qwen2_hybrid_report.json
hf_nk_babylm_zho_qwen2_hybrid,Qwen2 hybrid,Qwen2,Hybrid,fmri,Language,05,05_average.mat,0.14811688126107325,results/eval/chinese_pipeline/hf_nk_babylm_zho_qwen2_hybrid/main/cogbench/fmri/cogbench_fmri_hf_nk_babylm_zho_qwen2_hybrid_report.json
hf_nk_babylm_zho_qwen2_hybrid,Qwen2 hybrid,Qwen2,Hybrid,fmri,Language,06,06_average.mat,0.22408314239442403,results/eval/chinese_pipeline/hf_nk_babylm_zho_qwen2_hybrid/main/cogbench/fmri/cogbench_fmri_hf_nk_babylm_zho_qwen2_hybrid_report.json
hf_nk_babylm_zho_qwen2_hybrid,Qwen2 hybrid,Qwen2,Hybrid,fmri,Manipulation,01,01_average.mat,0.10031587257193147,results/eval/chinese_pipeline/hf_nk_babylm_zho_qwen2_hybrid/main/cogbench/fmri/cogbench_fmri_hf_nk_babylm_zho_qwen2_hybrid_report.json
hf_nk_babylm_zho_qwen2_hybrid,Qwen2 hybrid,Qwen2,Hybrid,fmri,Manipulation,02,02_average.mat,0.07350917040898038,results/eval/chinese_pipeline/hf_nk_babylm_zho_qwen2_hybrid/main/cogbench/fmri/cogbench_fmri_hf_nk_babylm_zho_qwen2_hybrid_report.json
hf_nk_babylm_zho_qwen2_hybrid,Qwen2 hybrid,Qwen2,Hybrid,fmri,Manipulation,03,03_average.mat,0.12451671460307347,results/eval/chinese_pipeline/hf_nk_babylm_zho_qwen2_hybrid/main/cogbench/fmri/cogbench_fmri_hf_nk_babylm_zho_qwen2_hybrid_report.json
hf_nk_babylm_zho_qwen2_hybrid,Qwen2 hybrid,Qwen2,Hybrid,fmri,Manipulation,04,04_average.mat,0.07463720519118092,results/eval/chinese_pipeline/hf_nk_babylm_zho_qwen2_hybrid/main/cogbench/fmri/cogbench_fmri_hf_nk_babylm_zho_qwen2_hybrid_report.json
hf_nk_babylm_zho_qwen2_hybrid,Qwen2 hybrid,Qwen2,Hybrid,fmri,Manipulation,05,05_average.mat,0.08596390403358889,results/eval/chinese_pipeline/hf_nk_babylm_zho_qwen2_hybrid/main/cogbench/fmri/cogbench_fmri_hf_nk_babylm_zho_qwen2_hybrid_report.json
hf_nk_babylm_zho_qwen2_hybrid,Qwen2 hybrid,Qwen2,Hybrid,fmri,Manipulation,06,06_average.mat,0.10752498182154178,results/eval/chinese_pipeline/hf_nk_babylm_zho_qwen2_hybrid/main/cogbench/fmri/cogbench_fmri_hf_nk_babylm_zho_qwen2_hybrid_report.json
hf_nk_babylm_zho_qwen2_hybrid,Qwen2 hybrid,Qwen2,Hybrid,fmri,Memory,01,01_average.mat,0.06076667546570532,results/eval/chinese_pipeline/hf_nk_babylm_zho_qwen2_hybrid/main/cogbench/fmri/cogbench_fmri_hf_nk_babylm_zho_qwen2_hybrid_report.json
hf_nk_babylm_zho_qwen2_hybrid,Qwen2 hybrid,Qwen2,Hybrid,fmri,Memory,02,02_average.mat,0.047822813543943535,results/eval/chinese_pipeline/hf_nk_babylm_zho_qwen2_hybrid/main/cogbench/fmri/cogbench_fmri_hf_nk_babylm_zho_qwen2_hybrid_report.json
hf_nk_babylm_zho_qwen2_hybrid,Qwen2 hybrid,Qwen2,Hybrid,fmri,Memory,03,03_average.mat,0.06167089432151429,results/eval/chinese_pipeline/hf_nk_babylm_zho_qwen2_hybrid/main/cogbench/fmri/cogbench_fmri_hf_nk_babylm_zho_qwen2_hybrid_report.json
hf_nk_babylm_zho_qwen2_hybrid,Qwen2 hybrid,Qwen2,Hybrid,fmri,Memory,04,04_average.mat,0.012541284742244098,results/eval/chinese_pipeline/hf_nk_babylm_zho_qwen2_hybrid/main/cogbench/fmri/cogbench_fmri_hf_nk_babylm_zho_qwen2_hybrid_report.json
hf_nk_babylm_zho_qwen2_hybrid,Qwen2 hybrid,Qwen2,Hybrid,fmri,Memory,05,05_average.mat,0.03651150392226404,results/eval/chinese_pipeline/hf_nk_babylm_zho_qwen2_hybrid/main/cogbench/fmri/cogbench_fmri_hf_nk_babylm_zho_qwen2_hybrid_report.json
hf_nk_babylm_zho_qwen2_hybrid,Qwen2 hybrid,Qwen2,Hybrid,fmri,Memory,06,06_average.mat,0.04758283276480145,results/eval/chinese_pipeline/hf_nk_babylm_zho_qwen2_hybrid/main/cogbench/fmri/cogbench_fmri_hf_nk_babylm_zho_qwen2_hybrid_report.json
hf_nk_babylm_zho_qwen2_hybrid,Qwen2 hybrid,Qwen2,Hybrid,fmri,Reward,01,01_average.mat,0.017318318580424635,results/eval/chinese_pipeline/hf_nk_babylm_zho_qwen2_hybrid/main/cogbench/fmri/cogbench_fmri_hf_nk_babylm_zho_qwen2_hybrid_report.json
hf_nk_babylm_zho_qwen2_hybrid,Qwen2 hybrid,Qwen2,Hybrid,fmri,Reward,02,02_average.mat,0.020657977274878794,results/eval/chinese_pipeline/hf_nk_babylm_zho_qwen2_hybrid/main/cogbench/fmri/cogbench_fmri_hf_nk_babylm_zho_qwen2_hybrid_report.json
hf_nk_babylm_zho_qwen2_hybrid,Qwen2 hybrid,Qwen2,Hybrid,fmri,Reward,03,03_average.mat,0.0439171653062038,results/eval/chinese_pipeline/hf_nk_babylm_zho_qwen2_hybrid/main/cogbench/fmri/cogbench_fmri_hf_nk_babylm_zho_qwen2_hybrid_report.json
hf_nk_babylm_zho_qwen2_hybrid,Qwen2 hybrid,Qwen2,Hybrid,fmri,Reward,04,04_average.mat,0.008062732249223582,results/eval/chinese_pipeline/hf_nk_babylm_zho_qwen2_hybrid/main/cogbench/fmri/cogbench_fmri_hf_nk_babylm_zho_qwen2_hybrid_report.json
hf_nk_babylm_zho_qwen2_hybrid,Qwen2 hybrid,Qwen2,Hybrid,fmri,Reward,05,05_average.mat,0.031127787905285368,results/eval/chinese_pipeline/hf_nk_babylm_zho_qwen2_hybrid/main/cogbench/fmri/cogbench_fmri_hf_nk_babylm_zho_qwen2_hybrid_report.json
hf_nk_babylm_zho_qwen2_hybrid,Qwen2 hybrid,Qwen2,Hybrid,fmri,Reward,06,06_average.mat,0.01791971789976707,results/eval/chinese_pipeline/hf_nk_babylm_zho_qwen2_hybrid/main/cogbench/fmri/cogbench_fmri_hf_nk_babylm_zho_qwen2_hybrid_report.json
hf_nk_babylm_zho_qwen2_hybrid,Qwen2 hybrid,Qwen2,Hybrid,fmri,Vision,01,01_average.mat,0.09587336600843899,results/eval/chinese_pipeline/hf_nk_babylm_zho_qwen2_hybrid/main/cogbench/fmri/cogbench_fmri_hf_nk_babylm_zho_qwen2_hybrid_report.json
hf_nk_babylm_zho_qwen2_hybrid,Qwen2 hybrid,Qwen2,Hybrid,fmri,Vision,02,02_average.mat,0.06866002158776288,results/eval/chinese_pipeline/hf_nk_babylm_zho_qwen2_hybrid/main/cogbench/fmri/cogbench_fmri_hf_nk_babylm_zho_qwen2_hybrid_report.json
hf_nk_babylm_zho_qwen2_hybrid,Qwen2 hybrid,Qwen2,Hybrid,fmri,Vision,03,03_average.mat,0.11341346430377507,results/eval/chinese_pipeline/hf_nk_babylm_zho_qwen2_hybrid/main/cogbench/fmri/cogbench_fmri_hf_nk_babylm_zho_qwen2_hybrid_report.json
hf_nk_babylm_zho_qwen2_hybrid,Qwen2 hybrid,Qwen2,Hybrid,fmri,Vision,04,04_average.mat,0.05178966080065346,results/eval/chinese_pipeline/hf_nk_babylm_zho_qwen2_hybrid/main/cogbench/fmri/cogbench_fmri_hf_nk_babylm_zho_qwen2_hybrid_report.json
hf_nk_babylm_zho_qwen2_hybrid,Qwen2 hybrid,Qwen2,Hybrid,fmri,Vision,05,05_average.mat,0.06916745464830419,results/eval/chinese_pipeline/hf_nk_babylm_zho_qwen2_hybrid/main/cogbench/fmri/cogbench_fmri_hf_nk_babylm_zho_qwen2_hybrid_report.json
hf_nk_babylm_zho_qwen2_hybrid,Qwen2 hybrid,Qwen2,Hybrid,fmri,Vision,06,06_average.mat,0.1011335493073398,results/eval/chinese_pipeline/hf_nk_babylm_zho_qwen2_hybrid/main/cogbench/fmri/cogbench_fmri_hf_nk_babylm_zho_qwen2_hybrid_report.json
hf_nk_babylm_zho_gpt2_bpe,GPT2 BPE,GPT2,BPE,word_fmri,,S04,S04_score.mat,0.5077473894716824,results/eval/chinese_pipeline/hf_nk_babylm_zho_gpt2_bpe/main/cogbench/word_fmri/cogbench_word_fmri_hf_nk_babylm_zho_gpt2_bpe_report.json
hf_nk_babylm_zho_gpt2_bpe,GPT2 BPE,GPT2,BPE,word_fmri,,S05,S05_score.mat,0.5738450468152466,results/eval/chinese_pipeline/hf_nk_babylm_zho_gpt2_bpe/main/cogbench/word_fmri/cogbench_word_fmri_hf_nk_babylm_zho_gpt2_bpe_report.json
hf_nk_babylm_zho_gpt2_bpe,GPT2 BPE,GPT2,BPE,word_fmri,,S07,S07_score.mat,0.5239051979219925,results/eval/chinese_pipeline/hf_nk_babylm_zho_gpt2_bpe/main/cogbench/word_fmri/cogbench_word_fmri_hf_nk_babylm_zho_gpt2_bpe_report.json
hf_nk_babylm_zho_gpt2_bpe,GPT2 BPE,GPT2,BPE,word_fmri,,S08,S08_score.mat,0.5258964942892581,results/eval/chinese_pipeline/hf_nk_babylm_zho_gpt2_bpe/main/cogbench/word_fmri/cogbench_word_fmri_hf_nk_babylm_zho_gpt2_bpe_report.json
hf_nk_babylm_zho_gpt2_bpe,GPT2 BPE,GPT2,BPE,word_fmri,,S13,S13_score.mat,0.561209005694894,results/eval/chinese_pipeline/hf_nk_babylm_zho_gpt2_bpe/main/cogbench/word_fmri/cogbench_word_fmri_hf_nk_babylm_zho_gpt2_bpe_report.json
hf_nk_babylm_zho_gpt2_bpe,GPT2 BPE,GPT2,BPE,word_fmri,,S31,S31_score.mat,0.5901006301996865,results/eval/chinese_pipeline/hf_nk_babylm_zho_gpt2_bpe/main/cogbench/word_fmri/cogbench_word_fmri_hf_nk_babylm_zho_gpt2_bpe_report.json
hf_nk_babylm_zho_gpt2_bpe,GPT2 BPE,GPT2,BPE,fmri,Cognition,01,01_average.mat,0.09135761325087721,results/eval/chinese_pipeline/hf_nk_babylm_zho_gpt2_bpe/main/cogbench/fmri/cogbench_fmri_hf_nk_babylm_zho_gpt2_bpe_report.json
hf_nk_babylm_zho_gpt2_bpe,GPT2 BPE,GPT2,BPE,fmri,Cognition,02,02_average.mat,0.10381915111503119,results/eval/chinese_pipeline/hf_nk_babylm_zho_gpt2_bpe/main/cogbench/fmri/cogbench_fmri_hf_nk_babylm_zho_gpt2_bpe_report.json
hf_nk_babylm_zho_gpt2_bpe,GPT2 BPE,GPT2,BPE,fmri,Cognition,03,03_average.mat,0.10549137260481053,results/eval/chinese_pipeline/hf_nk_babylm_zho_gpt2_bpe/main/cogbench/fmri/cogbench_fmri_hf_nk_babylm_zho_gpt2_bpe_report.json
hf_nk_babylm_zho_gpt2_bpe,GPT2 BPE,GPT2,BPE,fmri,Cognition,04,04_average.mat,0.06713459758811693,results/eval/chinese_pipeline/hf_nk_babylm_zho_gpt2_bpe/main/cogbench/fmri/cogbench_fmri_hf_nk_babylm_zho_gpt2_bpe_report.json
hf_nk_babylm_zho_gpt2_bpe,GPT2 BPE,GPT2,BPE,fmri,Cognition,05,05_average.mat,0.07319915511826107,results/eval/chinese_pipeline/hf_nk_babylm_zho_gpt2_bpe/main/cogbench/fmri/cogbench_fmri_hf_nk_babylm_zho_gpt2_bpe_report.json
hf_nk_babylm_zho_gpt2_bpe,GPT2 BPE,GPT2,BPE,fmri,Cognition,06,06_average.mat,0.11438369087257172,results/eval/chinese_pipeline/hf_nk_babylm_zho_gpt2_bpe/main/cogbench/fmri/cogbench_fmri_hf_nk_babylm_zho_gpt2_bpe_report.json
hf_nk_babylm_zho_gpt2_bpe,GPT2 BPE,GPT2,BPE,fmri,Language,01,01_average.mat,0.1615509897214233,results/eval/chinese_pipeline/hf_nk_babylm_zho_gpt2_bpe/main/cogbench/fmri/cogbench_fmri_hf_nk_babylm_zho_gpt2_bpe_report.json
hf_nk_babylm_zho_gpt2_bpe,GPT2 BPE,GPT2,BPE,fmri,Language,02,02_average.mat,0.14250308277946938,results/eval/chinese_pipeline/hf_nk_babylm_zho_gpt2_bpe/main/cogbench/fmri/cogbench_fmri_hf_nk_babylm_zho_gpt2_bpe_report.json
hf_nk_babylm_zho_gpt2_bpe,GPT2 BPE,GPT2,BPE,fmri,Language,03,03_average.mat,0.18718819366088205,results/eval/chinese_pipeline/hf_nk_babylm_zho_gpt2_bpe/main/cogbench/fmri/cogbench_fmri_hf_nk_babylm_zho_gpt2_bpe_report.json
hf_nk_babylm_zho_gpt2_bpe,GPT2 BPE,GPT2,BPE,fmri,Language,04,04_average.mat,0.09369350961620054,results/eval/chinese_pipeline/hf_nk_babylm_zho_gpt2_bpe/main/cogbench/fmri/cogbench_fmri_hf_nk_babylm_zho_gpt2_bpe_report.json
hf_nk_babylm_zho_gpt2_bpe,GPT2 BPE,GPT2,BPE,fmri,Language,05,05_average.mat,0.1509514831062929,results/eval/chinese_pipeline/hf_nk_babylm_zho_gpt2_bpe/main/cogbench/fmri/cogbench_fmri_hf_nk_babylm_zho_gpt2_bpe_report.json
hf_nk_babylm_zho_gpt2_bpe,GPT2 BPE,GPT2,BPE,fmri,Language,06,06_average.mat,0.17136083249450826,results/eval/chinese_pipeline/hf_nk_babylm_zho_gpt2_bpe/main/cogbench/fmri/cogbench_fmri_hf_nk_babylm_zho_gpt2_bpe_report.json
hf_nk_babylm_zho_gpt2_bpe,GPT2 BPE,GPT2,BPE,fmri,Manipulation,01,01_average.mat,0.10560876378142997,results/eval/chinese_pipeline/hf_nk_babylm_zho_gpt2_bpe/main/cogbench/fmri/cogbench_fmri_hf_nk_babylm_zho_gpt2_bpe_report.json
hf_nk_babylm_zho_gpt2_bpe,GPT2 BPE,GPT2,BPE,fmri,Manipulation,02,02_average.mat,0.08437952681296793,results/eval/chinese_pipeline/hf_nk_babylm_zho_gpt2_bpe/main/cogbench/fmri/cogbench_fmri_hf_nk_babylm_zho_gpt2_bpe_report.json
hf_nk_babylm_zho_gpt2_bpe,GPT2 BPE,GPT2,BPE,fmri,Manipulation,03,03_average.mat,0.12576447159417156,results/eval/chinese_pipeline/hf_nk_babylm_zho_gpt2_bpe/main/cogbench/fmri/cogbench_fmri_hf_nk_babylm_zho_gpt2_bpe_report.json
hf_nk_babylm_zho_gpt2_bpe,GPT2 BPE,GPT2,BPE,fmri,Manipulation,04,04_average.mat,0.0726491836461007,results/eval/chinese_pipeline/hf_nk_babylm_zho_gpt2_bpe/main/cogbench/fmri/cogbench_fmri_hf_nk_babylm_zho_gpt2_bpe_report.json
hf_nk_babylm_zho_gpt2_bpe,GPT2 BPE,GPT2,BPE,fmri,Manipulation,05,05_average.mat,0.06394481461912838,results/eval/chinese_pipeline/hf_nk_babylm_zho_gpt2_bpe/main/cogbench/fmri/cogbench_fmri_hf_nk_babylm_zho_gpt2_bpe_report.json
hf_nk_babylm_zho_gpt2_bpe,GPT2 BPE,GPT2,BPE,fmri,Manipulation,06,06_average.mat,0.11555270786327146,results/eval/chinese_pipeline/hf_nk_babylm_zho_gpt2_bpe/main/cogbench/fmri/cogbench_fmri_hf_nk_babylm_zho_gpt2_bpe_report.json
hf_nk_babylm_zho_gpt2_bpe,GPT2 BPE,GPT2,BPE,fmri,Memory,01,01_average.mat,0.05158665380776881,results/eval/chinese_pipeline/hf_nk_babylm_zho_gpt2_bpe/main/cogbench/fmri/cogbench_fmri_hf_nk_babylm_zho_gpt2_bpe_report.json
hf_nk_babylm_zho_gpt2_bpe,GPT2 BPE,GPT2,BPE,fmri,Memory,02,02_average.mat,0.04426544198356107,results/eval/chinese_pipeline/hf_nk_babylm_zho_gpt2_bpe/main/cogbench/fmri/cogbench_fmri_hf_nk_babylm_zho_gpt2_bpe_report.json
hf_nk_babylm_zho_gpt2_bpe,GPT2 BPE,GPT2,BPE,fmri,Memory,03,03_average.mat,0.06173290496503018,results/eval/chinese_pipeline/hf_nk_babylm_zho_gpt2_bpe/main/cogbench/fmri/cogbench_fmri_hf_nk_babylm_zho_gpt2_bpe_report.json
hf_nk_babylm_zho_gpt2_bpe,GPT2 BPE,GPT2,BPE,fmri,Memory,04,04_average.mat,0.007865860795806316,results/eval/chinese_pipeline/hf_nk_babylm_zho_gpt2_bpe/main/cogbench/fmri/cogbench_fmri_hf_nk_babylm_zho_gpt2_bpe_report.json
hf_nk_babylm_zho_gpt2_bpe,GPT2 BPE,GPT2,BPE,fmri,Memory,05,05_average.mat,0.02512798831252138,results/eval/chinese_pipeline/hf_nk_babylm_zho_gpt2_bpe/main/cogbench/fmri/cogbench_fmri_hf_nk_babylm_zho_gpt2_bpe_report.json
hf_nk_babylm_zho_gpt2_bpe,GPT2 BPE,GPT2,BPE,fmri,Memory,06,06_average.mat,0.05454056145751575,results/eval/chinese_pipeline/hf_nk_babylm_zho_gpt2_bpe/main/cogbench/fmri/cogbench_fmri_hf_nk_babylm_zho_gpt2_bpe_report.json
hf_nk_babylm_zho_gpt2_bpe,GPT2 BPE,GPT2,BPE,fmri,Reward,01,01_average.mat,0.018425922094754296,results/eval/chinese_pipeline/hf_nk_babylm_zho_gpt2_bpe/main/cogbench/fmri/cogbench_fmri_hf_nk_babylm_zho_gpt2_bpe_report.json
hf_nk_babylm_zho_gpt2_bpe,GPT2 BPE,GPT2,BPE,fmri,Reward,02,02_average.mat,0.01746112066494534,results/eval/chinese_pipeline/hf_nk_babylm_zho_gpt2_bpe/main/cogbench/fmri/cogbench_fmri_hf_nk_babylm_zho_gpt2_bpe_report.json
hf_nk_babylm_zho_gpt2_bpe,GPT2 BPE,GPT2,BPE,fmri,Reward,03,03_average.mat,0.03825659489153529,results/eval/chinese_pipeline/hf_nk_babylm_zho_gpt2_bpe/main/cogbench/fmri/cogbench_fmri_hf_nk_babylm_zho_gpt2_bpe_report.json
hf_nk_babylm_zho_gpt2_bpe,GPT2 BPE,GPT2,BPE,fmri,Reward,04,04_average.mat,0.008621063636705742,results/eval/chinese_pipeline/hf_nk_babylm_zho_gpt2_bpe/main/cogbench/fmri/cogbench_fmri_hf_nk_babylm_zho_gpt2_bpe_report.json
hf_nk_babylm_zho_gpt2_bpe,GPT2 BPE,GPT2,BPE,fmri,Reward,05,05_average.mat,0.018979585197277743,results/eval/chinese_pipeline/hf_nk_babylm_zho_gpt2_bpe/main/cogbench/fmri/cogbench_fmri_hf_nk_babylm_zho_gpt2_bpe_report.json
hf_nk_babylm_zho_gpt2_bpe,GPT2 BPE,GPT2,BPE,fmri,Reward,06,06_average.mat,0.01573292467261849,results/eval/chinese_pipeline/hf_nk_babylm_zho_gpt2_bpe/main/cogbench/fmri/cogbench_fmri_hf_nk_babylm_zho_gpt2_bpe_report.json
hf_nk_babylm_zho_gpt2_bpe,GPT2 BPE,GPT2,BPE,fmri,Vision,01,01_average.mat,0.08187497026734955,results/eval/chinese_pipeline/hf_nk_babylm_zho_gpt2_bpe/main/cogbench/fmri/cogbench_fmri_hf_nk_babylm_zho_gpt2_bpe_report.json
hf_nk_babylm_zho_gpt2_bpe,GPT2 BPE,GPT2,BPE,fmri,Vision,02,02_average.mat,0.07142871700458814,results/eval/chinese_pipeline/hf_nk_babylm_zho_gpt2_bpe/main/cogbench/fmri/cogbench_fmri_hf_nk_babylm_zho_gpt2_bpe_report.json
hf_nk_babylm_zho_gpt2_bpe,GPT2 BPE,GPT2,BPE,fmri,Vision,03,03_average.mat,0.11279777758890468,results/eval/chinese_pipeline/hf_nk_babylm_zho_gpt2_bpe/main/cogbench/fmri/cogbench_fmri_hf_nk_babylm_zho_gpt2_bpe_report.json
hf_nk_babylm_zho_gpt2_bpe,GPT2 BPE,GPT2,BPE,fmri,Vision,04,04_average.mat,0.04802591100906188,results/eval/chinese_pipeline/hf_nk_babylm_zho_gpt2_bpe/main/cogbench/fmri/cogbench_fmri_hf_nk_babylm_zho_gpt2_bpe_report.json
hf_nk_babylm_zho_gpt2_bpe,GPT2 BPE,GPT2,BPE,fmri,Vision,05,05_average.mat,0.039323453152565906,results/eval/chinese_pipeline/hf_nk_babylm_zho_gpt2_bpe/main/cogbench/fmri/cogbench_fmri_hf_nk_babylm_zho_gpt2_bpe_report.json
hf_nk_babylm_zho_gpt2_bpe,GPT2 BPE,GPT2,BPE,fmri,Vision,06,06_average.mat,0.1013882138535128,results/eval/chinese_pipeline/hf_nk_babylm_zho_gpt2_bpe/main/cogbench/fmri/cogbench_fmri_hf_nk_babylm_zho_gpt2_bpe_report.json
hf_nk_babylm_zho_qwen2_bpe,Qwen2 BPE,Qwen2,BPE,word_fmri,,S04,S04_score.mat,0.5062800973968168,results/eval/chinese_pipeline/hf_nk_babylm_zho_qwen2_bpe/main/cogbench/word_fmri/cogbench_word_fmri_hf_nk_babylm_zho_qwen2_bpe_report.json
hf_nk_babylm_zho_qwen2_bpe,Qwen2 BPE,Qwen2,BPE,word_fmri,,S05,S05_score.mat,0.5719057608313758,results/eval/chinese_pipeline/hf_nk_babylm_zho_qwen2_bpe/main/cogbench/word_fmri/cogbench_word_fmri_hf_nk_babylm_zho_qwen2_bpe_report.json
hf_nk_babylm_zho_qwen2_bpe,Qwen2 BPE,Qwen2,BPE,word_fmri,,S07,S07_score.mat,0.5207781004154004,results/eval/chinese_pipeline/hf_nk_babylm_zho_qwen2_bpe/main/cogbench/word_fmri/cogbench_word_fmri_hf_nk_babylm_zho_qwen2_bpe_report.json
hf_nk_babylm_zho_qwen2_bpe,Qwen2 BPE,Qwen2,BPE,word_fmri,,S08,S08_score.mat,0.5293803238253717,results/eval/chinese_pipeline/hf_nk_babylm_zho_qwen2_bpe/main/cogbench/word_fmri/cogbench_word_fmri_hf_nk_babylm_zho_qwen2_bpe_report.json
hf_nk_babylm_zho_qwen2_bpe,Qwen2 BPE,Qwen2,BPE,word_fmri,,S13,S13_score.mat,0.5522395153273555,results/eval/chinese_pipeline/hf_nk_babylm_zho_qwen2_bpe/main/cogbench/word_fmri/cogbench_word_fmri_hf_nk_babylm_zho_qwen2_bpe_report.json
hf_nk_babylm_zho_qwen2_bpe,Qwen2 BPE,Qwen2,BPE,word_fmri,,S31,S31_score.mat,0.5966431531945701,results/eval/chinese_pipeline/hf_nk_babylm_zho_qwen2_bpe/main/cogbench/word_fmri/cogbench_word_fmri_hf_nk_babylm_zho_qwen2_bpe_report.json
hf_nk_babylm_zho_qwen2_bpe,Qwen2 BPE,Qwen2,BPE,fmri,Cognition,01,01_average.mat,0.09270758838468424,results/eval/chinese_pipeline/hf_nk_babylm_zho_qwen2_bpe/main/cogbench/fmri/cogbench_fmri_hf_nk_babylm_zho_qwen2_bpe_report.json
hf_nk_babylm_zho_qwen2_bpe,Qwen2 BPE,Qwen2,BPE,fmri,Cognition,02,02_average.mat,0.10268912941537287,results/eval/chinese_pipeline/hf_nk_babylm_zho_qwen2_bpe/main/cogbench/fmri/cogbench_fmri_hf_nk_babylm_zho_qwen2_bpe_report.json
hf_nk_babylm_zho_qwen2_bpe,Qwen2 BPE,Qwen2,BPE,fmri,Cognition,03,03_average.mat,0.1105077941034842,results/eval/chinese_pipeline/hf_nk_babylm_zho_qwen2_bpe/main/cogbench/fmri/cogbench_fmri_hf_nk_babylm_zho_qwen2_bpe_report.json
hf_nk_babylm_zho_qwen2_bpe,Qwen2 BPE,Qwen2,BPE,fmri,Cognition,04,04_average.mat,0.06281197414548081,results/eval/chinese_pipeline/hf_nk_babylm_zho_qwen2_bpe/main/cogbench/fmri/cogbench_fmri_hf_nk_babylm_zho_qwen2_bpe_report.json
hf_nk_babylm_zho_qwen2_bpe,Qwen2 BPE,Qwen2,BPE,fmri,Cognition,05,05_average.mat,0.06906455716445854,results/eval/chinese_pipeline/hf_nk_babylm_zho_qwen2_bpe/main/cogbench/fmri/cogbench_fmri_hf_nk_babylm_zho_qwen2_bpe_report.json
hf_nk_babylm_zho_qwen2_bpe,Qwen2 BPE,Qwen2,BPE,fmri,Cognition,06,06_average.mat,0.10789191839200822,results/eval/chinese_pipeline/hf_nk_babylm_zho_qwen2_bpe/main/cogbench/fmri/cogbench_fmri_hf_nk_babylm_zho_qwen2_bpe_report.json
hf_nk_babylm_zho_qwen2_bpe,Qwen2 BPE,Qwen2,BPE,fmri,Language,01,01_average.mat,0.16001755997565809,results/eval/chinese_pipeline/hf_nk_babylm_zho_qwen2_bpe/main/cogbench/fmri/cogbench_fmri_hf_nk_babylm_zho_qwen2_bpe_report.json
hf_nk_babylm_zho_qwen2_bpe,Qwen2 BPE,Qwen2,BPE,fmri,Language,02,02_average.mat,0.13710021037587955,results/eval/chinese_pipeline/hf_nk_babylm_zho_qwen2_bpe/main/cogbench/fmri/cogbench_fmri_hf_nk_babylm_zho_qwen2_bpe_report.json
hf_nk_babylm_zho_qwen2_bpe,Qwen2 BPE,Qwen2,BPE,fmri,Language,03,03_average.mat,0.19137744737421944,results/eval/chinese_pipeline/hf_nk_babylm_zho_qwen2_bpe/main/cogbench/fmri/cogbench_fmri_hf_nk_babylm_zho_qwen2_bpe_report.json
hf_nk_babylm_zho_qwen2_bpe,Qwen2 BPE,Qwen2,BPE,fmri,Language,04,04_average.mat,0.09672524681989335,results/eval/chinese_pipeline/hf_nk_babylm_zho_qwen2_bpe/main/cogbench/fmri/cogbench_fmri_hf_nk_babylm_zho_qwen2_bpe_report.json
hf_nk_babylm_zho_qwen2_bpe,Qwen2 BPE,Qwen2,BPE,fmri,Language,05,05_average.mat,0.14810071183720094,results/eval/chinese_pipeline/hf_nk_babylm_zho_qwen2_bpe/main/cogbench/fmri/cogbench_fmri_hf_nk_babylm_zho_qwen2_bpe_report.json
hf_nk_babylm_zho_qwen2_bpe,Qwen2 BPE,Qwen2,BPE,fmri,Language,06,06_average.mat,0.18381134628278056,results/eval/chinese_pipeline/hf_nk_babylm_zho_qwen2_bpe/main/cogbench/fmri/cogbench_fmri_hf_nk_babylm_zho_qwen2_bpe_report.json
hf_nk_babylm_zho_qwen2_bpe,Qwen2 BPE,Qwen2,BPE,fmri,Manipulation,01,01_average.mat,0.10066233397196858,results/eval/chinese_pipeline/hf_nk_babylm_zho_qwen2_bpe/main/cogbench/fmri/cogbench_fmri_hf_nk_babylm_zho_qwen2_bpe_report.json
hf_nk_babylm_zho_qwen2_bpe,Qwen2 BPE,Qwen2,BPE,fmri,Manipulation,02,02_average.mat,0.08789798480311826,results/eval/chinese_pipeline/hf_nk_babylm_zho_qwen2_bpe/main/cogbench/fmri/cogbench_fmri_hf_nk_babylm_zho_qwen2_bpe_report.json
hf_nk_babylm_zho_qwen2_bpe,Qwen2 BPE,Qwen2,BPE,fmri,Manipulation,03,03_average.mat,0.12938555640369015,results/eval/chinese_pipeline/hf_nk_babylm_zho_qwen2_bpe/main/cogbench/fmri/cogbench_fmri_hf_nk_babylm_zho_qwen2_bpe_report.json
hf_nk_babylm_zho_qwen2_bpe,Qwen2 BPE,Qwen2,BPE,fmri,Manipulation,04,04_average.mat,0.06933957311132663,results/eval/chinese_pipeline/hf_nk_babylm_zho_qwen2_bpe/main/cogbench/fmri/cogbench_fmri_hf_nk_babylm_zho_qwen2_bpe_report.json
hf_nk_babylm_zho_qwen2_bpe,Qwen2 BPE,Qwen2,BPE,fmri,Manipulation,05,05_average.mat,0.05586269561884293,results/eval/chinese_pipeline/hf_nk_babylm_zho_qwen2_bpe/main/cogbench/fmri/cogbench_fmri_hf_nk_babylm_zho_qwen2_bpe_report.json
hf_nk_babylm_zho_qwen2_bpe,Qwen2 BPE,Qwen2,BPE,fmri,Manipulation,06,06_average.mat,0.10980946552834406,results/eval/chinese_pipeline/hf_nk_babylm_zho_qwen2_bpe/main/cogbench/fmri/cogbench_fmri_hf_nk_babylm_zho_qwen2_bpe_report.json
hf_nk_babylm_zho_qwen2_bpe,Qwen2 BPE,Qwen2,BPE,fmri,Memory,01,01_average.mat,0.05819309922389272,results/eval/chinese_pipeline/hf_nk_babylm_zho_qwen2_bpe/main/cogbench/fmri/cogbench_fmri_hf_nk_babylm_zho_qwen2_bpe_report.json
hf_nk_babylm_zho_qwen2_bpe,Qwen2 BPE,Qwen2,BPE,fmri,Memory,02,02_average.mat,0.058090104210667126,results/eval/chinese_pipeline/hf_nk_babylm_zho_qwen2_bpe/main/cogbench/fmri/cogbench_fmri_hf_nk_babylm_zho_qwen2_bpe_report.json
hf_nk_babylm_zho_qwen2_bpe,Qwen2 BPE,Qwen2,BPE,fmri,Memory,03,03_average.mat,0.06281626605638163,results/eval/chinese_pipeline/hf_nk_babylm_zho_qwen2_bpe/main/cogbench/fmri/cogbench_fmri_hf_nk_babylm_zho_qwen2_bpe_report.json
hf_nk_babylm_zho_qwen2_bpe,Qwen2 BPE,Qwen2,BPE,fmri,Memory,04,04_average.mat,0.006749667778327969,results/eval/chinese_pipeline/hf_nk_babylm_zho_qwen2_bpe/main/cogbench/fmri/cogbench_fmri_hf_nk_babylm_zho_qwen2_bpe_report.json
hf_nk_babylm_zho_qwen2_bpe,Qwen2 BPE,Qwen2,BPE,fmri,Memory,05,05_average.mat,0.02716583525390899,results/eval/chinese_pipeline/hf_nk_babylm_zho_qwen2_bpe/main/cogbench/fmri/cogbench_fmri_hf_nk_babylm_zho_qwen2_bpe_report.json
hf_nk_babylm_zho_qwen2_bpe,Qwen2 BPE,Qwen2,BPE,fmri,Memory,06,06_average.mat,0.05325905291662585,results/eval/chinese_pipeline/hf_nk_babylm_zho_qwen2_bpe/main/cogbench/fmri/cogbench_fmri_hf_nk_babylm_zho_qwen2_bpe_report.json
hf_nk_babylm_zho_qwen2_bpe,Qwen2 BPE,Qwen2,BPE,fmri,Reward,01,01_average.mat,0.01642234765843181,results/eval/chinese_pipeline/hf_nk_babylm_zho_qwen2_bpe/main/cogbench/fmri/cogbench_fmri_hf_nk_babylm_zho_qwen2_bpe_report.json
hf_nk_babylm_zho_qwen2_bpe,Qwen2 BPE,Qwen2,BPE,fmri,Reward,02,02_average.mat,0.02142313297270739,results/eval/chinese_pipeline/hf_nk_babylm_zho_qwen2_bpe/main/cogbench/fmri/cogbench_fmri_hf_nk_babylm_zho_qwen2_bpe_report.json
hf_nk_babylm_zho_qwen2_bpe,Qwen2 BPE,Qwen2,BPE,fmri,Reward,03,03_average.mat,0.0376246995414759,results/eval/chinese_pipeline/hf_nk_babylm_zho_qwen2_bpe/main/cogbench/fmri/cogbench_fmri_hf_nk_babylm_zho_qwen2_bpe_report.json
hf_nk_babylm_zho_qwen2_bpe,Qwen2 BPE,Qwen2,BPE,fmri,Reward,04,04_average.mat,0.008209747235765258,results/eval/chinese_pipeline/hf_nk_babylm_zho_qwen2_bpe/main/cogbench/fmri/cogbench_fmri_hf_nk_babylm_zho_qwen2_bpe_report.json
hf_nk_babylm_zho_qwen2_bpe,Qwen2 BPE,Qwen2,BPE,fmri,Reward,05,05_average.mat,0.016592187651413407,results/eval/chinese_pipeline/hf_nk_babylm_zho_qwen2_bpe/main/cogbench/fmri/cogbench_fmri_hf_nk_babylm_zho_qwen2_bpe_report.json
hf_nk_babylm_zho_qwen2_bpe,Qwen2 BPE,Qwen2,BPE,fmri,Reward,06,06_average.mat,0.02043678212360425,results/eval/chinese_pipeline/hf_nk_babylm_zho_qwen2_bpe/main/cogbench/fmri/cogbench_fmri_hf_nk_babylm_zho_qwen2_bpe_report.json
hf_nk_babylm_zho_qwen2_bpe,Qwen2 BPE,Qwen2,BPE,fmri,Vision,01,01_average.mat,0.09594243372657536,results/eval/chinese_pipeline/hf_nk_babylm_zho_qwen2_bpe/main/cogbench/fmri/cogbench_fmri_hf_nk_babylm_zho_qwen2_bpe_report.json
hf_nk_babylm_zho_qwen2_bpe,Qwen2 BPE,Qwen2,BPE,fmri,Vision,02,02_average.mat,0.0773632716432723,results/eval/chinese_pipeline/hf_nk_babylm_zho_qwen2_bpe/main/cogbench/fmri/cogbench_fmri_hf_nk_babylm_zho_qwen2_bpe_report.json
hf_nk_babylm_zho_qwen2_bpe,Qwen2 BPE,Qwen2,BPE,fmri,Vision,03,03_average.mat,0.11861442030555644,results/eval/chinese_pipeline/hf_nk_babylm_zho_qwen2_bpe/main/cogbench/fmri/cogbench_fmri_hf_nk_babylm_zho_qwen2_bpe_report.json
hf_nk_babylm_zho_qwen2_bpe,Qwen2 BPE,Qwen2,BPE,fmri,Vision,04,04_average.mat,0.04994797377288275,results/eval/chinese_pipeline/hf_nk_babylm_zho_qwen2_bpe/main/cogbench/fmri/cogbench_fmri_hf_nk_babylm_zho_qwen2_bpe_report.json
hf_nk_babylm_zho_qwen2_bpe,Qwen2 BPE,Qwen2,BPE,fmri,Vision,05,05_average.mat,0.03958767551740038,results/eval/chinese_pipeline/hf_nk_babylm_zho_qwen2_bpe/main/cogbench/fmri/cogbench_fmri_hf_nk_babylm_zho_qwen2_bpe_report.json
hf_nk_babylm_zho_qwen2_bpe,Qwen2 BPE,Qwen2,BPE,fmri,Vision,06,06_average.mat,0.10649621122375126,results/eval/chinese_pipeline/hf_nk_babylm_zho_qwen2_bpe/main/cogbench/fmri/cogbench_fmri_hf_nk_babylm_zho_qwen2_bpe_report.json
