model_id,model,architecture,tokenizer,scale,suite,task_count,mean_percentile,mean_zscore,mean_rank,percentile_sd
hf_nk_babylm_zho_gpt2_hybrid,30M GPT2 Hybrid,GPT2,Hybrid,30M,BabyLM official Chinese,16,54.58333333333333,0.13276740788766705,7.8125,27.35758578529911
hf_nk_babylm_zho_qwen2_hybrid,30M Qwen2 Hybrid,Qwen2,Hybrid,30M,BabyLM official Chinese,16,53.33333333333333,0.128458568344724,8.0,21.85812841434
hf_nk_babylm_zho_gpt2_bpe,30M GPT2 BPE,GPT2,BPE,30M,BabyLM official Chinese,16,39.166666666666664,-0.49018172267492255,10.125,28.638067129065973
hf_nk_babylm_zho_qwen2_bpe,30M Qwen2 BPE,Qwen2,BPE,30M,BabyLM official Chinese,16,32.916666666666664,-0.6177987245013087,11.0625,19.856254262406424
hf_nk_babylm_zho_gpt2_hybrid_100m,100M GPT2 Hybrid,GPT2,Hybrid,100M,BabyLM official Chinese,16,73.75,0.649050967711733,4.9375,28.18281095514309
hf_nk_babylm_zho_qwen2_hybrid_100m,100M Qwen2 Hybrid,Qwen2,Hybrid,100M,BabyLM official Chinese,16,58.541666666666664,0.19149494309055015,7.21875,31.29094539781259
hf_nk_babylm_zho_gpt2_bpe_100m,100M GPT2 BPE,GPT2,BPE,100M,BabyLM official Chinese,16,39.791666666666664,-0.32168394145003976,10.03125,30.877642711911225
hf_nk_babylm_zho_qwen2_bpe_100m,100M Qwen2 BPE,Qwen2,BPE,100M,BabyLM official Chinese,16,32.5,-0.688453907399516,11.125,33.92188739507937
hf_nk_babylm_zho_gpt2_atomic_bpe_within,30M GPT2 Atomic Within,GPT2,Atomic BPE within,30M,BabyLM official Chinese,16,55.416666666666664,0.14145789565475514,7.6875,28.20744090168802
hf_nk_babylm_zho_qwen2_atomic_bpe_within,30M Qwen2 Atomic Within,Qwen2,Atomic BPE within,30M,BabyLM official Chinese,16,59.583333333333336,0.40445402613574205,7.0625,26.611270586392944
hf_nk_babylm_zho_gpt2_atomic_bpe_cross,30M GPT2 Atomic Cross,GPT2,Atomic BPE cross,30M,BabyLM official Chinese,16,46.666666666666664,0.04075094189696486,9.0,32.681119251879295
hf_nk_babylm_zho_qwen2_atomic_bpe_cross,30M Qwen2 Atomic Cross,Qwen2,Atomic BPE cross,30M,BabyLM official Chinese,16,43.958333333333336,-0.04807030011414178,9.40625,25.744976586597325
hf_nk_babylm_zho_gpt2_atomic_bpe_within_100m,100M GPT2 Atomic Within,GPT2,Atomic BPE within,100M,BabyLM official Chinese,16,58.75,0.29014008066427555,7.1875,33.1007510824486
hf_nk_babylm_zho_qwen2_atomic_bpe_within_100m,100M Qwen2 Atomic Within,Qwen2,Atomic BPE within,100M,BabyLM official Chinese,16,60.0,0.29106878917135287,7.0,29.46278254943948
hf_nk_babylm_zho_gpt2_atomic_bpe_cross_100m,100M GPT2 Atomic Cross,GPT2,Atomic BPE cross,100M,BabyLM official Chinese,16,47.5,0.05494071775654648,8.875,30.42522710588114
hf_nk_babylm_zho_qwen2_atomic_bpe_cross_100m,100M Qwen2 Atomic Cross,Qwen2,Atomic BPE cross,100M,BabyLM official Chinese,16,43.541666666666664,-0.1583957421743931,9.46875,26.704887973303062
hf_nk_babylm_zho_gpt2_hybrid,30M GPT2 Hybrid,GPT2,Hybrid,30M,Chinese zero-shot,3,37.77777777777778,-0.03240223557887489,10.333333333333334,16.62958838566196
hf_nk_babylm_zho_qwen2_hybrid,30M Qwen2 Hybrid,Qwen2,Hybrid,30M,Chinese zero-shot,3,84.44444444444444,0.8153335758565459,3.3333333333333335,6.285393610547087
hf_nk_babylm_zho_gpt2_bpe,30M GPT2 BPE,GPT2,BPE,30M,Chinese zero-shot,3,22.222222222222218,-1.2427281973698816,12.666666666666666,19.116278371205837
hf_nk_babylm_zho_qwen2_bpe,30M Qwen2 BPE,Qwen2,BPE,30M,Chinese zero-shot,3,33.33333333333333,-0.8191504142321447,11.0,23.726840560069576
hf_nk_babylm_zho_gpt2_hybrid_100m,100M GPT2 Hybrid,GPT2,Hybrid,100M,Chinese zero-shot,3,81.1111111111111,0.7062763723333855,3.8333333333333335,12.272623352430296
hf_nk_babylm_zho_qwen2_hybrid_100m,100M Qwen2 Hybrid,Qwen2,Hybrid,100M,Chinese zero-shot,3,73.33333333333333,0.7741150246741723,5.0,24.94438257849294
hf_nk_babylm_zho_gpt2_bpe_100m,100M GPT2 BPE,GPT2,BPE,100M,Chinese zero-shot,3,4.444444444444445,-1.6829500825664745,15.333333333333334,6.285393610547089
hf_nk_babylm_zho_qwen2_bpe_100m,100M Qwen2 BPE,Qwen2,BPE,100M,Chinese zero-shot,3,14.444444444444445,-1.4491186854558953,13.833333333333334,10.999438818457406
hf_nk_babylm_zho_gpt2_atomic_bpe_within,30M GPT2 Atomic Within,GPT2,Atomic BPE within,30M,Chinese zero-shot,3,26.666666666666668,-0.21415665843786255,12.0,16.329931618554518
hf_nk_babylm_zho_qwen2_atomic_bpe_within,30M Qwen2 Atomic Within,Qwen2,Atomic BPE within,30M,Chinese zero-shot,3,77.77777777777777,0.9419075630500927,4.333333333333333,16.62958838566196
hf_nk_babylm_zho_gpt2_atomic_bpe_cross,30M GPT2 Atomic Cross,GPT2,Atomic BPE cross,30M,Chinese zero-shot,3,51.11111111111111,0.7038891168498274,8.333333333333334,29.979416807182314
hf_nk_babylm_zho_qwen2_atomic_bpe_cross,30M Qwen2 Atomic Cross,Qwen2,Atomic BPE cross,30M,Chinese zero-shot,3,62.22222222222223,0.5416316702632311,6.666666666666667,19.116278371205837
hf_nk_babylm_zho_gpt2_atomic_bpe_within_100m,100M GPT2 Atomic Within,GPT2,Atomic BPE within,100M,Chinese zero-shot,3,74.44444444444444,0.4551507286332042,4.833333333333333,17.708197167232477
hf_nk_babylm_zho_qwen2_atomic_bpe_within_100m,100M Qwen2 Atomic Within,Qwen2,Atomic BPE within,100M,Chinese zero-shot,3,54.44444444444445,0.23323083653878482,7.833333333333333,23.778816176703
hf_nk_babylm_zho_gpt2_atomic_bpe_cross_100m,100M GPT2 Atomic Cross,GPT2,Atomic BPE cross,100M,Chinese zero-shot,3,51.111111111111114,0.20439413921362778,8.333333333333334,8.31479419283098
hf_nk_babylm_zho_qwen2_atomic_bpe_cross_100m,100M Qwen2 Atomic Cross,Qwen2,Atomic BPE cross,100M,Chinese zero-shot,3,51.111111111111114,0.06457724622828338,8.333333333333334,27.932900199947856
hf_nk_babylm_zho_gpt2_hybrid,30M GPT2 Hybrid,GPT2,Hybrid,30M,Chinese fine-tune,4,57.5,0.333123587546877,7.375,5.464532103584996
hf_nk_babylm_zho_qwen2_hybrid,30M Qwen2 Hybrid,Qwen2,Hybrid,30M,Chinese fine-tune,4,66.66666666666667,0.6685963264553051,6.0,22.48456260538674
hf_nk_babylm_zho_gpt2_bpe,30M GPT2 BPE,GPT2,BPE,30M,Chinese fine-tune,4,40.83333333333333,-0.5398793647930574,9.875,36.84615161572357
hf_nk_babylm_zho_qwen2_bpe,30M Qwen2 BPE,Qwen2,BPE,30M,Chinese fine-tune,4,44.166666666666664,-0.10762668167452581,9.375,23.731718109830236
hf_nk_babylm_zho_gpt2_hybrid_100m,100M GPT2 Hybrid,GPT2,Hybrid,100M,Chinese fine-tune,4,53.333333333333336,0.17047876485304542,8.0,32.914029430219166
hf_nk_babylm_zho_qwen2_hybrid_100m,100M Qwen2 Hybrid,Qwen2,Hybrid,100M,Chinese fine-tune,4,48.33333333333333,-0.01454420028983322,8.75,31.84162195757133
hf_nk_babylm_zho_gpt2_bpe_100m,100M GPT2 BPE,GPT2,BPE,100M,Chinese fine-tune,4,52.5,0.04038070136622579,8.125,37.44440323110162
hf_nk_babylm_zho_qwen2_bpe_100m,100M Qwen2 BPE,Qwen2,BPE,100M,Chinese fine-tune,4,30.833333333333336,-0.6852235769780499,11.375,30.493624105886646
hf_nk_babylm_zho_gpt2_atomic_bpe_within,30M GPT2 Atomic Within,GPT2,Atomic BPE within,30M,Chinese fine-tune,4,61.66666666666666,0.3840749342525944,6.75,16.583123951777
hf_nk_babylm_zho_qwen2_atomic_bpe_within,30M Qwen2 Atomic Within,Qwen2,Atomic BPE within,30M,Chinese fine-tune,4,47.5,-0.02503392290519158,8.875,32.004773949452535
hf_nk_babylm_zho_gpt2_atomic_bpe_cross,30M GPT2 Atomic Cross,GPT2,Atomic BPE cross,30M,Chinese fine-tune,4,39.16666666666667,-0.24894458095054608,10.125,30.58458217250428
hf_nk_babylm_zho_qwen2_atomic_bpe_cross,30M Qwen2 Atomic Cross,Qwen2,Atomic BPE cross,30M,Chinese fine-tune,4,27.499999999999996,-0.5806014650412894,11.875,6.821127309893708
hf_nk_babylm_zho_gpt2_atomic_bpe_within_100m,100M GPT2 Atomic Within,GPT2,Atomic BPE within,100M,Chinese fine-tune,4,77.5,0.8259924641781692,4.375,10.897247358851686
hf_nk_babylm_zho_qwen2_atomic_bpe_within_100m,100M Qwen2 Atomic Within,Qwen2,Atomic BPE within,100M,Chinese fine-tune,4,72.5,0.49235038038962164,5.125,34.990077958695025
hf_nk_babylm_zho_gpt2_atomic_bpe_cross_100m,100M GPT2 Atomic Cross,GPT2,Atomic BPE cross,100M,Chinese fine-tune,4,50.833333333333336,0.08335739891471106,8.375,28.999521068842196
hf_nk_babylm_zho_qwen2_atomic_bpe_cross_100m,100M Qwen2 Atomic Cross,Qwen2,Atomic BPE cross,100M,Chinese fine-tune,4,29.166666666666664,-0.7965007653240612,11.625,17.853571071357123
hf_nk_babylm_zho_gpt2_hybrid,30M GPT2 Hybrid,GPT2,Hybrid,30M,CogBench,2,90.0,1.013798832538137,2.5,3.3333333333333286
hf_nk_babylm_zho_qwen2_hybrid,30M Qwen2 Hybrid,Qwen2,Hybrid,30M,CogBench,2,43.33333333333333,-0.05331404937008355,9.5,10.000000000000004
hf_nk_babylm_zho_gpt2_bpe,30M GPT2 BPE,GPT2,BPE,30M,CogBench,2,10.0,-1.6183567625075117,14.5,10.0
hf_nk_babylm_zho_qwen2_bpe,30M Qwen2 BPE,Qwen2,BPE,30M,CogBench,2,10.0,-1.5703887880370018,14.5,3.3333333333333335
hf_nk_babylm_zho_gpt2_hybrid_100m,100M GPT2 Hybrid,GPT2,Hybrid,100M,CogBench,2,83.33333333333333,0.9974347683681652,3.5,16.66666666666667
hf_nk_babylm_zho_qwen2_hybrid_100m,100M Qwen2 Hybrid,Qwen2,Hybrid,100M,CogBench,2,43.33333333333333,0.08837104216332473,9.5,10.000000000000004
hf_nk_babylm_zho_gpt2_bpe_100m,100M GPT2 BPE,GPT2,BPE,100M,CogBench,2,10.0,-1.4685425033990853,14.5,10.0
hf_nk_babylm_zho_qwen2_bpe_100m,100M Qwen2 BPE,Qwen2,BPE,100M,CogBench,2,10.0,-1.4990510145193534,14.5,3.3333333333333335
hf_nk_babylm_zho_gpt2_atomic_bpe_within,30M GPT2 Atomic Within,GPT2,Atomic BPE within,30M,CogBench,2,70.0,0.784497961147641,5.5,3.3333333333333357
hf_nk_babylm_zho_qwen2_atomic_bpe_within,30M Qwen2 Atomic Within,Qwen2,Atomic BPE within,30M,CogBench,2,50.0,0.1143104296774168,8.5,10.0
hf_nk_babylm_zho_gpt2_atomic_bpe_cross,30M GPT2 Atomic Cross,GPT2,Atomic BPE cross,30M,CogBench,2,66.66666666666666,0.7736864551446453,6.0,6.666666666666664
hf_nk_babylm_zho_qwen2_atomic_bpe_cross,30M Qwen2 Atomic Cross,Qwen2,Atomic BPE cross,30M,CogBench,2,46.666666666666664,0.13569886833671077,9.0,0.0
hf_nk_babylm_zho_gpt2_atomic_bpe_within_100m,100M GPT2 Atomic Within,GPT2,Atomic BPE within,100M,CogBench,2,90.0,1.0341279201729292,2.5,3.3333333333333286
hf_nk_babylm_zho_qwen2_atomic_bpe_within_100m,100M Qwen2 Atomic Within,Qwen2,Atomic BPE within,100M,CogBench,2,33.333333333333336,-0.16409492017516636,11.0,6.666666666666666
hf_nk_babylm_zho_gpt2_atomic_bpe_cross_100m,100M GPT2 Atomic Cross,GPT2,Atomic BPE cross,100M,CogBench,2,90.0,1.132256599695142,2.5,10.0
hf_nk_babylm_zho_qwen2_atomic_bpe_cross_100m,100M Qwen2 Atomic Cross,Qwen2,Atomic BPE cross,100M,CogBench,2,53.333333333333336,0.2995651607639911,8.0,26.666666666666668
