scheme_a,scheme_b,spearman_rank_correlation
percentile_equal_suite,percentile_equal_suite,1.0
percentile_equal_suite,percentile_equal_task,0.9256965944272446
percentile_equal_suite,zscore_equal_suite,0.9752321981424149
percentile_equal_suite,zscore_equal_task,0.9071207430340558
percentile_equal_suite,percentile_accuracy_only_equal_suite,0.9484004127966976
percentile_equal_task,percentile_equal_suite,0.9256965944272446
percentile_equal_task,percentile_equal_task,1.0
percentile_equal_task,zscore_equal_suite,0.890608875128999
percentile_equal_task,zscore_equal_task,0.9793601651186791
percentile_equal_task,percentile_accuracy_only_equal_suite,0.9690402476780186
zscore_equal_suite,percentile_equal_suite,0.9752321981424149
zscore_equal_suite,percentile_equal_task,0.890608875128999
zscore_equal_suite,zscore_equal_suite,1.0
zscore_equal_suite,zscore_equal_task,0.8968008255933952
zscore_equal_suite,percentile_accuracy_only_equal_suite,0.9071207430340558
zscore_equal_task,percentile_equal_suite,0.9071207430340558
zscore_equal_task,percentile_equal_task,0.9793601651186791
zscore_equal_task,zscore_equal_suite,0.8968008255933952
zscore_equal_task,zscore_equal_task,1.0
zscore_equal_task,percentile_accuracy_only_equal_suite,0.9566563467492261
percentile_accuracy_only_equal_suite,percentile_equal_suite,0.9484004127966976
percentile_accuracy_only_equal_suite,percentile_equal_task,0.9690402476780186
percentile_accuracy_only_equal_suite,zscore_equal_suite,0.9071207430340558
percentile_accuracy_only_equal_suite,zscore_equal_task,0.9566563467492261
percentile_accuracy_only_equal_suite,percentile_accuracy_only_equal_suite,1.0
