model_id,model,architecture,tokenizer,scale,composite_percentile,composite_rank,bootstrap_ci_low,bootstrap_ci_high,bootstrap_mean_rank,bootstrap_rank_low,bootstrap_rank_high,bootstrap_top_probability,task_percentile_sd,task_percentile_iqr,equal_suite_fractional_win_rate,mean_task_rank_equal_suite,sensitivity_rank_min,sensitivity_rank_max
hf_nk_babylm_zho_gpt2_atomic_bpe_within_100m,100M GPT2 Atomic Within,GPT2,Atomic BPE within,100M,72.0281862745098,1.0,64.2459405637255,79.73383884803923,1.9797,1.0,4.0,0.32905,28.346838493827768,35.29411764705882,0.07291666666666666,5.755208333333333,1.0,3.0
hf_nk_babylm_zho_gpt2_hanzi_bpe_100m,100M GPT2 Hanzi BPE,GPT2,Hanzi BPE,100M,71.47671568627452,2.0,54.84068627450981,87.30085784313727,2.5346,1.0,8.0,0.41965,31.41506922472818,35.294117647058826,0.4270833333333333,5.848958333333334,1.0,2.0
hf_nk_babylm_zho_gpt2_hybrid_100m,100M GPT2 Hybrid,GPT2,Hybrid,100M,70.52696078431373,3.0,59.86519607843137,81.1431525735294,2.28545,1.0,5.0,0.2494,27.62827897839383,32.35294117647059,0.19791666666666666,6.010416666666667,2.0,3.0
hf_nk_babylm_zho_qwen2_hybrid,30M Qwen2 Hybrid,Qwen2,Hybrid,30M,60.73835784313726,4.0,53.9828431372549,67.57123161764704,5.2314,3.0,8.0,0.0,21.447287921076413,35.294117647058826,0.0,7.674479166666667,4.0,6.0
hf_nk_babylm_zho_qwen2_atomic_bpe_within,30M Qwen2 Atomic Within,Qwen2,Atomic BPE within,30M,58.44056372549019,5.0,48.42218137254902,68.48958333333333,6.5533,3.0,11.0,0.0004,26.53821426940774,44.11764705882352,0.11458333333333333,8.065104166666666,4.0,5.0
hf_nk_babylm_zho_gpt2_atomic_bpe_cross_100m,100M GPT2 Atomic Cross,GPT2,Atomic BPE cross,100M,58.241421568627445,6.0,50.01531862745098,67.15686274509804,6.47155,3.0,11.0,0.0006,29.104275004359955,49.99999999999999,0.0,8.098958333333334,6.0,12.0
hf_nk_babylm_zho_gpt2_hybrid,30M GPT2 Hybrid,GPT2,Hybrid,30M,58.19546568627451,7.0,52.06801470588235,64.73651960784314,6.43305,3.0,10.0,0.0,24.663829756748974,32.352941176470594,0.0,8.106770833333334,7.0,10.0
hf_nk_babylm_zho_qwen2_hybrid_100m,100M Qwen2 Hybrid,Qwen2,Hybrid,100M,54.70281862745098,8.0,44.3014705882353,65.18114276960785,8.29555,4.0,13.0,0.0,28.31703853301536,47.058823529411754,0.0,8.700520833333334,7.0,10.0
hf_nk_babylm_zho_qwen2_atomic_bpe_within_100m,100M Qwen2 Atomic Within,Qwen2,Atomic BPE within,100M,54.24325980392157,9.0,42.41727941176471,64.78247549019608,8.55545,4.0,13.0,0.0,27.779656991412864,47.058823529411754,0.0,8.778645833333334,5.0,11.0
hf_nk_babylm_zho_gpt2_atomic_bpe_within,30M GPT2 Atomic Within,GPT2,Atomic BPE within,30M,51.853553921568626,10.0,44.80698529411765,58.502987132352935,9.76685,6.0,13.0,0.0,25.525887531211435,41.1764705882353,0.0,9.184895833333334,9.0,12.0
hf_nk_babylm_zho_gpt2_atomic_bpe_cross,30M GPT2 Atomic Cross,GPT2,Atomic BPE cross,30M,51.317401960784316,11.0,39.78247549019608,63.58800551470588,9.7286,4.0,14.0,0.0009,31.336106284818246,47.05882352941177,0.0078125,9.276041666666666,8.0,12.0
hf_nk_babylm_zho_gpt2_full_pinyin_bpe_100m,100M GPT2 Full-pinyin BPE,GPT2,Full-pinyin BPE,100M,46.997549019607845,12.0,39.3374693627451,54.396446078431374,11.79645,8.0,14.0,0.0,33.493272577615905,64.70588235294117,0.078125,10.010416666666666,7.0,12.0
hf_nk_babylm_zho_qwen2_atomic_bpe_cross,30M Qwen2 Atomic Cross,Qwen2,Atomic BPE cross,30M,44.868259803921575,13.0,38.648897058823536,51.42463235294118,12.5943,10.0,14.0,0.0,23.648522050134748,35.294117647058826,0.015625,10.372395833333334,13.0,13.0
hf_nk_babylm_zho_qwen2_atomic_bpe_cross_100m,100M Qwen2 Atomic Cross,Qwen2,Atomic BPE cross,100M,42.98406862745098,14.0,30.621936274509807,55.1321231617647,13.02205,9.0,16.0,0.0,25.819710289745057,47.05882352941176,0.0,10.692708333333334,14.0,14.0
hf_nk_babylm_zho_qwen2_bpe,30M Qwen2 BPE,Qwen2,BPE,30M,28.829656862745097,15.0,20.496323529411764,38.38886335784313,15.6738,14.0,18.0,0.0,21.355452777260407,20.588235294117645,0.0,13.098958333333334,15.0,17.0
hf_nk_babylm_zho_gpt2_bpe,30M GPT2 BPE,GPT2,BPE,30M,27.72671568627451,16.0,16.482843137254903,39.4002757352941,16.0542,14.0,18.0,0.0,28.679351288190233,41.1764705882353,0.0,13.286458333333334,16.0,17.0
hf_nk_babylm_zho_gpt2_bpe_100m,100M GPT2 BPE,GPT2,BPE,100M,26.05698529411765,17.0,15.976945465686274,36.458716299019606,16.50925,15.0,18.0,0.0,32.47570292198179,47.05882352941177,0.078125,13.5703125,15.0,17.0
hf_nk_babylm_zho_qwen2_bpe_100m,100M Qwen2 BPE,Qwen2,BPE,100M,20.772058823529413,18.0,12.91360294117647,29.549632352941178,17.51445,15.0,18.0,0.0,30.50077995485806,35.29411764705882,0.0078125,14.46875,18.0,18.0
